Kraj,Regija
Cerkno,Primorska
Dolenje Jezero,Osrednjeslovenska
Jazbina,Štajerska
Ljubljana,Osrednjeslovenska
Šempeter v Savinj. dolini,Savinjska
Morje,Štajerska
Gornje Retje,Osrednjeslovenska
Cerknica,Osrednjeslovenska
Trbovlje,Osrednjeslovenska
Ravne na Koroškem,Štajerska
Kamnik,Osrednjeslovenska
Prevalje,Štajerska
Trebnje,Prekmurje
Vareja,Štajerska
Nova vas,Osrednjeslovenska
Slovenske Konjice,Savinjska
Škofja Loka,Gorenjska
Slovenska vas,Prekmurje
Veliko Mlačevo,Osrednjeslovenska
Stahovica,Osrednjeslovenska
Radovljica,Gorenjska
Dol pri Hrastniku,Osrednjeslovenska
Trzin,Osrednjeslovenska
Domžale,Osrednjeslovenska
Miren,Primorska
Kočevje,Osrednjeslovenska
Poljana,Štajerska
Fram,Štajerska
Škale,Savinjska
Rovte,Osrednjeslovenska
Velenje,Savinjska
Renče,Primorska
Bovec,Primorska
Loče,Savinjska
Žalec,Savinjska
Lovrenc na Pohorju,Štajerska
Javorje,Osrednjeslovenska
Stržišče,Primorska
Nazarje,Savinjska
Vinska Gora,Savinjska
Gradišče,Štajerska
Zgornja Polskava,Štajerska
Tržič,Gorenjska
Mojstrana,Gorenjska
Jesenice,Gorenjska
Križe,Gorenjska
Kebelj,Štajerska
Ajdovščina,Primorska
Podboršt pri Komendi,Osrednjeslovenska
Ilirska Bistrica,Primorska
Postojna,Primorska
Polhov Gradec,Osrednjeslovenska
Zgornje Jezersko,Gorenjska
Litija,Osrednjeslovenska
Mala Loka,Osrednjeslovenska
Krško,Prekmurje
Brdo pri Lukovici,Osrednjeslovenska
Šmarje pri Jelšah,Savinjska
Loke,Savinjska
Rogaška Slatina,Savinjska
Brežice,Prekmurje
Zagorje ob Savi,Osrednjeslovenska
Neverke,Primorska
Vrhnika,Osrednjeslovenska
Ptuj,Štajerska
Drenov Grič,Osrednjeslovenska
Logatec,Osrednjeslovenska
Solkan,Primorska
Okroglo,Gorenjska
Naklo,Gorenjska
Medvode,Osrednjeslovenska
Polzela,Savinjska
Šmartno ob Paki,Savinjska
Uršna sela,Prekmurje
Bloška Polica,Osrednjeslovenska
Učakovci,Prekmurje
Vransko,Savinjska
Vipava,Primorska
Mežica,Štajerska
Slovenska Bistrica,Štajerska
Senovo,Prekmurje
Moravče,Osrednjeslovenska
Črna na Koroškem,Štajerska
Šentjur,Savinjska
Dragomer,Osrednjeslovenska
Hrastnik,Osrednjeslovenska
Borovnica,Osrednjeslovenska
Pivka,Primorska
Kostanjevica na Krki,Prekmurje
Gorica pri Slivnici,Savinjska
Vojnik,Savinjska
Vuzenica,Štajerska
Sevnica,Prekmurje
Dobrovo,Primorska
Bistričica,Osrednjeslovenska
Žirovnica,Gorenjska
Horjul,Osrednjeslovenska
Videm pri Ptuju,Štajerska
Sveti Vid,Osrednjeslovenska
Markovci,Štajerska
Podbrezje,Gorenjska
Višnja Gora,Osrednjeslovenska
Sv. Trojica v Slov. goricah,Štajerska
Slovenj Gradec,Štajerska
Stari trg pri Ložu,Osrednjeslovenska
Mozirje,Savinjska
Rimske Toplice,Savinjska
Podčetrtek,Savinjska
Razbor,Osrednjeslovenska
Muta,Štajerska
Podbrdo,Primorska
Sežana,Primorska
Črni Vrh,Primorska
Radeče,Osrednjeslovenska
Dobrna,Savinjska
Starošince,Štajerska
Lipa pri Frankolovem,Savinjska
Dobruša,Osrednjeslovenska
Črnomelj,Prekmurje
Tolmin,Primorska
Ranca,Štajerska
Kamniška Bistrica,Osrednjeslovenska
Mala Mislinja,Štajerska
Grosuplje,Osrednjeslovenska
Galicija,Savinjska
Podbočje,Prekmurje
Čemšenik,Osrednjeslovenska
Preddvor,Gorenjska
Dravograd,Štajerska
Brezje,Gorenjska
Brezje pri Grosupljem,Osrednjeslovenska
Bistrica ob Sotli,Savinjska
Breg pri Polzeli,Savinjska
Jakob pri Šentjurju,Savinjska
Limbuš,Štajerska
Pekre,Štajerska
Velike Lašče,Osrednjeslovenska
Velika Štanga,Osrednjeslovenska
Mengeš,Osrednjeslovenska
Verd,Osrednjeslovenska
Lesce,Gorenjska
Zaboršt,Osrednjeslovenska
Štorje,Primorska
Cirkulane,Štajerska
Kobarid,Primorska
Sladka Gora,Savinjska
Mlinše,Osrednjeslovenska
Možjanca,Gorenjska
Lipje,Savinjska
Veliki Kamen,Prekmurje
Semič,Prekmurje
Studeno,Primorska
Železniki,Gorenjska
Gornja vas,Savinjska
Strunjan,Primorska
Dolane,Štajerska
Šedem,Prekmurje
Kostanjek,Prekmurje
Žužemberk,Prekmurje
Laze pri Dramljah,Savinjska
Trnje,Primorska
Zbilje,Osrednjeslovenska
Hočko Pohorje,Štajerska
Vnanje Gorice,Osrednjeslovenska
Ponoviče,Osrednjeslovenska
Izola,Primorska
čadram,Štajerska
Brestanica,Prekmurje
Tržišče,Prekmurje
Škofljica,Osrednjeslovenska
Dobova,Prekmurje
Zagradec pri Grosupljem,Osrednjeslovenska
Ivanjkovci,Štajerska
Gabrovka,Osrednjeslovenska
Begunje pri Cerknici,Osrednjeslovenska
Središče ob Dravi,Štajerska
Dvor,Osrednjeslovenska
Njiverce,Štajerska
Sromlje,Prekmurje
Pilštanj,Savinjska
Žetale,Štajerska
Ljubno ob Savinji,Savinjska
Laško,Savinjska
Rova,Osrednjeslovenska
Lavrica,Osrednjeslovenska
Koblarji,Osrednjeslovenska
Iška,Osrednjeslovenska
Loka pri Žusmu,Savinjska
Arnače,Savinjska
Žabnica,Osrednjeslovenska
Plintovec,Štajerska
Selnica ob Dravi,Štajerska
Mlaka,Gorenjska
Košiše,Osrednjeslovenska
Celestrina,Štajerska
Krka,Osrednjeslovenska
Poljčane,Štajerska
Štatenberg,Štajerska
Lukovica pri Domžalah,Osrednjeslovenska
Gotovlje,Savinjska
Ruše,Štajerska
Raka,Prekmurje
Lokovec,Primorska
Ormož,Štajerska
Mali Kamen,Prekmurje
Kamnica,Štajerska
Zapotok,Osrednjeslovenska
Dolenja vas,Savinjska
Babna Gora,Osrednjeslovenska
Barka,Primorska
Selnica ob Muri,Štajerska
Ivančna Gorica,Osrednjeslovenska
Ribnica na Pohorju,Štajerska
Vitovlje,Primorska
Pesnica pri Mariboru,Štajerska
Grajena,Štajerska
Zalog pri Cerkljah,Gorenjska
Štore,Savinjska
Črešnjice,Savinjska
Zgornja Selnica,Štajerska
Radlje ob Dravi,Štajerska
Bresternica,Štajerska
Verače,Savinjska
Piran,Primorska
Ambrus,Osrednjeslovenska
Dole pri Litiji,Osrednjeslovenska
Kojsko,Primorska
Ankaran,Primorska
Miklavž na Dravskem polju,Štajerska
Podgorica,Osrednjeslovenska
Metlika,Prekmurje
Zgornja Bistrica,Štajerska
Svečina,Štajerska
Telče,Prekmurje
Lokve,Prekmurje
Goričane,Osrednjeslovenska
Rakek,Osrednjeslovenska
Kriška vas,Osrednjeslovenska
Zlatoličje,Štajerska
Grgarske Ravne,Primorska
Orehek,Primorska
Bukovje,Primorska
Most na Soči,Primorska
Dragočajna,Osrednjeslovenska
Spodnja Idrija,Primorska
Otočec,Prekmurje
Rodik,Primorska
Bukovec,Štajerska
Petrovče,Savinjska
Šmarje,Primorska
Idrija,Primorska
Svinjsko,Prekmurje
Podnanos,Primorska
Žabče,Primorska
Smrečje,Osrednjeslovenska
Krnica,Primorska
Šentjanž pri Dravogradu,Štajerska
Šmarje-Sap,Osrednjeslovenska
Črneče,Štajerska
Trnov Hrib,Savinjska
Sv. Ema,Savinjska
Braslovče,Savinjska
Velike Bloke,Osrednjeslovenska
Idrijske Krnice,Primorska
Goričice,Osrednjeslovenska
Bled,Gorenjska
Šmihel,Primorska
Videm,Osrednjeslovenska
Štajngrova,Štajerska
Komenda,Osrednjeslovenska
Žirovski Vrh Sv. Urbana,Gorenjska
Pivola,Štajerska
Robanov Kot,Savinjska
Gorišnica,Štajerska
Dornava,Štajerska
Šentjanž,Prekmurje
Vače,Osrednjeslovenska
Topol pri Medvodah,Osrednjeslovenska
Pristava,Gorenjska
Gornji Grad,Savinjska
Sladki Vrh,Štajerska
Lucija,Primorska
Ribnica,Osrednjeslovenska
Zgornje Poljčane,Štajerska
Bohinjska Bistrica,Gorenjska
Stara Cerkev,Osrednjeslovenska
Stara Loka,Gorenjska
Šmartno pri Slovenj Gradcu,Štajerska
Spodnje Preloge,Savinjska
Podturn pri Dol. Toplicah,Prekmurje
Velike Brusnice,Prekmurje
Laze,Prekmurje
Senožeti,Osrednjeslovenska
Spodnje Dobrenje,Štajerska
Spodnje Poljčane,Štajerska
Dragomelj,Osrednjeslovenska
Draga,Osrednjeslovenska
Spodnja Rečica,Savinjska
Radna,Prekmurje
Topolovec,Primorska
Zgornja Besnica,Gorenjska
Šoštanj,Savinjska
Šmartno,Gorenjska
Vitanje,Savinjska
Vršnik,Štajerska
Ravenska vas,Osrednjeslovenska
Cerklje na Gorenjskem,Gorenjska
Zali Log,Gorenjska
Lož,Osrednjeslovenska
Smlednik,Osrednjeslovenska
Lenart v Slov. goricah,Štajerska
Krn,Primorska
Spodnji Duplek,Štajerska
Kamnik pod Krimom,Osrednjeslovenska
Osek,Primorska
Pohorje,Štajerska
Spodnji Hotič,Osrednjeslovenska
Orle,Osrednjeslovenska
Rečica ob Savinji,Savinjska
Šempeter pri Gorici,Primorska
Pernica,Štajerska
Pacinje,Štajerska
Dobrava pri Konjicah,Savinjska
Smolnik,Štajerska
Polica,Osrednjeslovenska
Jagodje,Primorska
Slovenski Javornik,Gorenjska
Dutovlje,Primorska
Češnjica pri Kropi,Gorenjska
Dobovec,Osrednjeslovenska
Srednje Bitnje,Gorenjska
Mekinje,Osrednjeslovenska
Podgrad,Osrednjeslovenska
Hraše,Osrednjeslovenska
Arto,Prekmurje
Spodnja Polskava,Štajerska
Hrvatini,Primorska
Rogatec,Savinjska
Brode,Savinjska
Šmarjeta,Prekmurje
Boben,Osrednjeslovenska
Trčova,Štajerska
Spodnje Škofije,Primorska
Svibno,Osrednjeslovenska
Podkraj pri Zagorju,Osrednjeslovenska
Križni Vrh,Prekmurje
Sv. Lovrenc,Savinjska
Planina,Primorska
Prebold,Savinjska
Bizeljsko,Prekmurje
Čušperk,Osrednjeslovenska
Podgorje,Štajerska
Preserje pri Radomljah,Osrednjeslovenska
Varpolje,Savinjska
Branik,Primorska
Hrastovec v Slov. goricah,Štajerska
Rakov Škocjan,Osrednjeslovenska
Radomlje,Osrednjeslovenska
Polenci,Štajerska
Hrovača,Osrednjeslovenska
Brje,Primorska
Pomjan,Primorska
Lindek,Savinjska
Kozarišče,Osrednjeslovenska
črni Potok,Osrednjeslovenska
Spodnje Hoče,Štajerska
Gozd Martuljek,Gorenjska
Solčava,Savinjska
Straža,Prekmurje
Zgornje Pirniče,Osrednjeslovenska
Zgornje Bitnje,Gorenjska
Legen,Štajerska
Podlog v Savinjski dolini,Savinjska
Oplotnica,Štajerska
Škofja vas,Savinjska
Skoke,Štajerska
Slivnica pri Mariboru,Štajerska
Brezje pri Šentjerneju,Prekmurje
Spodnji Brnik,Gorenjska
Nova vas pri Mokricah,Prekmurje
Teharje,Savinjska
Lukovica pri Brezovici,Osrednjeslovenska
Podcerkev,Osrednjeslovenska
Zgornje Škofije,Primorska
Golnik,Gorenjska
Veliki Otok,Primorska
Podgozd,Osrednjeslovenska
Čatež ob Savi,Prekmurje
Metulje,Osrednjeslovenska
Brezovska Gora,Prekmurje
Podvinje,Prekmurje
Kidričevo,Štajerska
Portorož,Primorska
Rače,Štajerska
Zgornja Hajdina,Štajerska
Zgornje Laže,Savinjska
Kranjska Gora,Gorenjska
Fala,Štajerska
Potok,Osrednjeslovenska
Loka pri Mengšu,Osrednjeslovenska
Levec,Savinjska
Srednje Jarše,Osrednjeslovenska
Kanji Dol,Primorska
Vinje,Osrednjeslovenska
Vodice,Osrednjeslovenska
Velesovo,Gorenjska
Zgornja Jablanica,Osrednjeslovenska
Tolsti Vrh pri Mislinji,Štajerska
Šentjungert,Savinjska
Selo pri Vodicah,Osrednjeslovenska
Kastelec,Primorska
Laze pri Gobniku,Osrednjeslovenska
Spodnji Slemen,Štajerska
Kropa,Gorenjska
Nova vas nad Dragonjo,Primorska
Kubed,Primorska
Strmec,Savinjska
Dvorjane,Štajerska
